{
	"partitions" : [
		{
			"name" : "Top",
			"pins" : [
				{
					"name" : "uart_a_tx",
					"strict" : false
				},
				{
					"name" : "uart_b_tx",
					"strict" : false
				},
				{
					"name" : "leds[0]",
					"strict" : false
				},
				{
					"name" : "leds[1]",
					"strict" : false
				},
				{
					"name" : "leds[2]",
					"strict" : false
				},
				{
					"name" : "leds[3]",
					"strict" : false
				},
				{
					"name" : "leds[4]",
					"strict" : false
				},
				{
					"name" : "leds[5]",
					"strict" : false
				},
				{
					"name" : "leds[6]",
					"strict" : false
				},
				{
					"name" : "leds[7]",
					"strict" : false
				},
				{
					"name" : "clk",
					"strict" : false
				},
				{
					"name" : "btn_reset",
					"strict" : false
				},
				{
					"name" : "uart_b_rx",
					"strict" : false
				},
				{
					"name" : "uart_a_rx",
					"strict" : false
				},
				{
					"name" : "btn_trigger",
					"strict" : false
				}
			]
		}
	]
}